{"area": 1759540, "name": "Libya", "capital": "Tripoli", "neighbors": [{"name": "Egypt", "length": 1150}, {"name": "Tunisia", "length": 459}, {"name": "Algeria", "length": 982}], "continents": [{"continent": "Africa", "percentage": 100}], "population": 6040612, "organizations": ["AU", "FAO", "UN", "WHO"]}
{"area": 1001450, "name": "Egypt", "capital": "Al Qahirah", "neighbors": [{"name": "Libya", "length": 1150}], "continents": [{"continent": "Asia", "percentage": 7.3}, {"continent": "Africa", "percentage": 92.7}], "population": 94798827, "organizations": ["AU", "FAO", "UN", "WHO"]}
{"area": 356910, "name": "Germany", "capital": "Berlin", "neighbors": [{"name": "France", "length": 451}], "continents": [{"continent": "Europe", "percentage": 100}], "population": 82521653, "organizations": ["EU", "FAO", "UN", "WHO"]}
{"area": 547030, "name": "France", "capital": "Paris", "neighbors": [{"name": "Spain", "length": 623}, {"name": "Germany", "length": 451}, {"name": "Italy", "length": 488}], "continents": [{"continent": "Europe", "percentage": 100}], "population": 64300821, "organizations": ["EU", "FAO", "UN", "WHO"]}
{"area": 301230, "name": "Italy", "capital": "Roma", "neighbors": [{"name": "France", "length": 488}], "continents": [{"continent": "Europe", "percentage": 100}], "population": 59433744, "organizations": ["EU", "FAO", "UN", "WHO"]}
{"area": 2381740, "name": "Algeria", "capital": "Algiers", "neighbors": [{"name": "Tunisia", "length": 965}, {"name": "Libya", "length": 982}], "continents": [{"continent": "Africa", "percentage": 100}], "population": 37062820, "organizations": ["AU", "FAO", "UN", "WHO"]}
{"area": 163610, "name": "Tunisia", "capital": "Tunis", "neighbors": [{"name": "Algeria", "length": 965}, {"name": "Libya", "length": 459}], "continents": [{"continent": "Africa", "percentage": 100}], "population": 10982754, "organizations": ["AU", "FAO", "UN", "WHO"]}
{"area": 504750, "name": "Spain", "capital": "Madrid", "neighbors": [{"name": "France", "length": 623}], "continents": [{"continent": "Europe", "percentage": 100}], "population": 46815916, "organizations": ["EU", "FAO", "UN", "WHO"]}
