{"country": "Italy", "mountains": [{"name": "Corno Grande", "elevation": 2912}, {"name": "Etna", "elevation": 3323}, {"name": "Gran Paradiso", "elevation": 4061}]}
{"country": "Germany", "mountains": [{"name": "Zugspitze", "elevation": 2963}]}
{"country": "Egypt", "mountains": [{"name": "Jabal Katrina", "elevation": 2629}, {"name": "Mt. Sinai", "elevation": 2285}, {"name": "Shaiyb al-Banat", "elevation": 2187}]}
{"country": "Algeria", "mountains": [{"name": "Djebel AÃ¯ssa", "elevation": 2236}, {"name": "Djebel ChÃ©lia", "elevation": 2328}, {"name": "Lalla Khedidja", "elevation": 2308}]}
{"country": "France", "mountains": [{"name": "Barre des Ecrins", "elevation": 4101}, {"name": "Hiru Erregeen Mahaia", "elevation": 2424}, {"name": "Mont Blanc", "elevation": 4808}]}
{"country": "Libya", "mountains": [{"name": "Bikku Bitti", "elevation": 2267}]}
{"country": "Spain", "mountains": [{"name": "Coma Pedrosa", "elevation": 2944}, {"name": "Hiru Erregeen Mahaia", "elevation": 2424}, {"name": "Moncayo", "elevation": 2313}]}
